timestamp;time;lat;lon;alt;alt_c;dist;speed;heartrate;cadence;power;temperature;vertosci;stancetime;lrbalance;gearinfo;split;stop
2016-11-12T10:45:20Z;;;;353.80;353.63;2.1;2.1;87;52;;22.0;;;;;;
2016-11-12T10:45:21Z;1.0;;;353.80;353.61;4.2;2.1;87;57;;22.0;;;;;;
2016-11-12T10:45:24Z;3.0;;;353.40;353.59;11.9;2.7;88;68;;22.0;;;;;;
2016-11-12T10:45:34Z;10.0;;;353.40;353.57;39.3;2.8;91;73;;22.0;;;;;;
2016-11-12T10:45:37Z;3.0;;;353.40;353.55;47.7;2.8;94;74;;22.0;;;;;;
2016-11-12T10:45:44Z;7.0;;;353.40;353.53;68.1;3.0;97;77;;22.0;;;;;;
2016-11-12T10:45:48Z;4.0;;;353.40;353.51;79.9;3.0;100;77;;22.0;;;;;;
2016-11-12T10:45:51Z;3.0;;;353.40;353.48;88.7;2.9;103;76;;22.0;;;;;;
2016-11-12T10:45:54Z;3.0;;;353.40;353.46;97.5;3.0;106;77;;22.0;;;;;;
2016-11-12T10:45:58Z;4.0;;;353.40;353.44;109.3;3.0;109;77;;22.0;;;;;;
2016-11-12T10:46:03Z;5.0;;;353.40;353.42;123.9;2.9;112;76;;22.0;;;;;;
2016-11-12T10:46:13Z;10.0;;;353.40;353.40;153.8;3.0;115;79;;22.0;;;;;;
2016-11-12T10:46:33Z;20.0;;;353.40;353.40;215.0;3.1;113;80;;22.0;;;;;;
2016-11-12T10:46:53Z;20.0;;;353.40;353.40;276.2;3.0;111;78;;23.0;;;;;;
2016-11-12T10:47:05Z;12.0;;;353.40;353.40;312.6;3.1;108;81;;23.0;;;;;;
2016-11-12T10:47:25Z;20.0;;;353.40;353.40;374.6;3.1;107;81;;23.0;;;;;;
2016-11-12T10:47:45Z;20.0;;;353.40;353.40;436.0;3.1;109;80;;23.0;;;;;;
2016-11-12T10:48:05Z;20.0;;;353.40;353.40;497.0;3.1;108;81;;23.0;;;;;;
2016-11-12T10:48:17Z;12.0;;;353.40;353.40;533.9;3.0;105;79;;23.0;;;;;;
2016-11-12T10:48:37Z;20.0;;;353.40;353.40;595.1;3.1;105;80;;23.0;;;;;;
2016-11-12T10:48:53Z;16.0;;;353.40;353.40;643.9;3.0;108;79;;23.0;;;;;;
2016-11-12T10:49:07Z;14.0;;;353.40;353.40;686.6;3.1;105;80;;23.0;;;;;;
2016-11-12T10:49:27Z;20.0;;;353.40;353.40;748.0;3.0;104;80;;23.0;;;;;;
2016-11-12T10:49:35Z;8.0;;;353.40;353.40;772.4;3.0;101;79;;23.0;;;;;;
2016-11-12T10:49:46Z;11.0;;;353.40;353.40;806.2;3.1;104;81;;23.0;;;;;;
2016-11-12T10:50:06Z;20.0;;;353.40;353.40;867.8;3.1;105;80;;23.0;;;;;;
2016-11-12T10:50:20Z;14.0;;;353.40;353.40;910.5;3.0;108;79;;23.0;;;;;;
2016-11-12T10:50:30Z;10.0;;;353.40;353.40;944.9;3.6;111;80;;23.0;;;;;;
2016-11-12T10:50:47Z;17.0;;;353.40;353.40;1005.6;3.6;113;80;;23.0;;;;;;
2016-11-12T10:51:04Z;17.0;;;353.40;353.40;1066.2;3.5;115;78;;23.0;;;;;;
2016-11-12T10:51:21Z;17.0;;;353.40;353.40;1126.6;3.6;115;81;;23.0;;;;;;
2016-11-12T10:51:37Z;16.0;;;353.40;353.40;1189.2;4.0;115;78;;23.0;;;;;;
2016-11-12T10:51:45Z;8.0;;;353.40;353.40;1221.5;4.0;118;79;;23.0;;;;;;
2016-11-12T10:52:00Z;15.0;;;353.40;353.40;1281.8;3.9;120;78;;23.0;;;;;;
2016-11-12T10:52:15Z;15.0;;;353.40;353.40;1342.2;4.1;123;80;;23.0;;;;;;
2016-11-12T10:52:30Z;15.0;;;353.40;353.40;1403.7;4.1;124;80;;23.0;;;;;;
2016-11-12T10:52:45Z;15.0;;;353.40;353.40;1464.9;4.1;123;80;;23.0;;;;;;
2016-11-12T10:53:00Z;15.0;;;353.40;353.40;1525.5;4.0;122;78;;23.0;;;;;;
2016-11-12T10:53:14Z;14.0;;;353.40;353.40;1581.7;4.0;125;79;;23.0;;;;;;
2016-11-12T10:53:29Z;15.0;;;353.40;353.40;1642.3;4.0;124;80;;23.0;;;;;;
2016-11-12T10:53:44Z;15.0;;;353.40;353.40;1703.1;4.1;123;79;;23.0;;;;;;
2016-11-12T10:53:59Z;15.0;;;353.40;353.40;1764.3;4.1;122;80;;23.0;;;;;;
2016-11-12T10:54:14Z;15.0;;;353.40;353.40;1825.2;4.1;121;79;;23.0;;;;;;
2016-11-12T10:54:29Z;15.0;;;353.40;353.40;1886.9;4.3;121;74;;23.0;;;;;;
2016-11-12T10:54:43Z;14.0;;;353.40;353.40;1948.6;4.4;122;79;;23.0;;;;;;
2016-11-12T10:54:49Z;6.0;;;353.40;353.40;1975.2;4.5;125;80;;23.0;;;;;;
2016-11-12T10:55:00Z;11.0;;;353.40;353.40;2024.1;4.5;128;79;;23.0;;;;;;
2016-11-12T10:55:11Z;11.0;;;353.40;353.40;2073.4;4.5;131;79;;23.0;;;;;;
2016-11-12T10:55:21Z;10.0;;;353.40;353.40;2118.2;4.5;129;80;;23.0;;;;;;
2016-11-12T10:55:35Z;14.0;;;353.40;353.40;2180.9;4.5;129;80;;23.0;;;;;1;
2016-11-12T10:55:49Z;14.0;;;353.40;353.40;2243.9;4.5;129;80;;23.0;;;;;;
2016-11-12T10:56:03Z;14.0;;;353.40;353.42;2306.7;4.5;129;80;;23.0;;;;;;
2016-11-12T10:56:17Z;14.0;;;353.40;353.46;2369.9;4.5;131;80;;23.0;;;;;;
2016-11-12T10:56:31Z;14.0;;;353.40;353.53;2432.7;4.4;132;79;;23.0;;;;;;
2016-11-12T10:56:45Z;14.0;;;353.40;353.61;2495.2;4.5;131;80;;23.0;;;;;;
2016-11-12T10:56:59Z;14.0;;;353.40;353.72;2558.1;4.5;131;79;;23.0;;;;;;
2016-11-12T10:57:13Z;14.0;;;353.40;353.82;2621.1;4.6;132;81;;23.0;;;;;;
2016-11-12T10:57:27Z;14.0;;;353.40;353.93;2684.6;4.5;132;80;;23.0;;;;;;
2016-11-12T10:57:41Z;14.0;;;353.40;354.03;2747.8;4.6;130;80;;23.0;;;;;;
2016-11-12T10:57:55Z;14.0;;;353.40;354.14;2811.0;4.5;130;80;;23.0;;;;;;
2016-11-12T10:57:59Z;4.0;;;353.80;354.24;2829.0;4.5;130;80;;23.0;;;;;;
2016-11-12T10:58:00Z;1.0;;;354.20;354.35;2833.4;4.5;130;80;;23.0;;;;;;
2016-11-12T10:58:01Z;1.0;;;354.60;354.45;2837.9;4.5;131;80;;23.0;;;;;;
2016-11-12T10:58:02Z;1.0;;;355.00;354.56;2842.4;4.5;131;80;;23.0;;;;;;
2016-11-12T10:58:03Z;1.0;;;355.40;354.66;2846.9;4.5;130;79;;23.0;;;;;;
2016-11-12T10:58:17Z;14.0;;;355.40;354.77;2910.2;4.5;130;80;;23.0;;;;;;
2016-11-12T10:58:31Z;14.0;;;355.40;354.87;2973.6;4.5;131;80;;23.0;;;;;;
2016-11-12T10:58:45Z;14.0;;;355.40;354.98;3036.9;4.5;133;79;;23.0;;;;;;
2016-11-12T10:58:59Z;14.0;;;355.40;355.08;3100.1;4.6;132;80;;23.0;;;;;;
2016-11-12T10:59:09Z;10.0;;;355.40;355.19;3145.0;4.5;129;80;;23.0;;;;;;
2016-11-12T10:59:23Z;14.0;;;355.40;355.27;3207.6;4.5;129;79;;23.0;;;;;;
2016-11-12T10:59:37Z;14.0;;;355.40;355.34;3270.8;4.5;131;81;;23.0;;;;;;
2016-11-12T10:59:51Z;14.0;;;355.40;355.38;3333.9;4.5;131;80;;23.0;;;;;;
2016-11-12T11:00:05Z;14.0;;;355.40;355.40;3397.6;4.6;132;81;;23.0;;;;;;
2016-11-12T11:00:19Z;14.0;;;355.40;355.40;3461.4;4.6;131;81;;23.0;;;;;;
2016-11-12T11:00:21Z;2.0;;;355.40;355.40;3470.5;4.5;130;81;;23.0;;;;;;
2016-11-12T11:00:31Z;10.0;;;355.40;355.40;3515.4;4.5;133;80;;23.0;;;;;1;
2016-11-12T11:00:37Z;6.0;;;355.40;355.40;3542.4;4.5;136;79;;23.0;;;;;;
2016-11-12T11:00:51Z;14.0;;;355.40;355.40;3605.4;4.5;138;80;;23.0;;;;;;
2016-11-12T11:01:05Z;14.0;;;355.40;355.40;3668.7;4.5;138;80;;23.0;;;;;;
2016-11-12T11:01:19Z;14.0;;;355.40;355.40;3732.3;4.5;138;80;;23.0;;;;;;
2016-11-12T11:01:34Z;15.0;;;355.40;355.40;3796.2;4.6;138;81;;23.0;;;;;;
2016-11-12T11:01:48Z;14.0;;;355.40;355.40;3860.4;4.6;138;81;;23.0;;;;;;
2016-11-12T11:01:53Z;5.0;;;355.40;355.40;3883.1;4.5;135;79;;23.0;;;;;;
2016-11-12T11:02:07Z;14.0;;;355.40;355.40;3946.8;4.5;135;81;;23.0;;;;;;
2016-11-12T11:02:21Z;14.0;;;355.40;355.40;4010.4;4.6;135;81;;23.0;;;;;;
2016-11-12T11:02:35Z;14.0;;;355.40;355.40;4074.0;4.5;136;80;;23.0;;;;;;
2016-11-12T11:02:49Z;14.0;;;355.40;355.40;4137.4;4.6;137;81;;23.0;;;;;;
2016-11-12T11:03:01Z;12.0;;;355.40;355.40;4191.4;4.5;134;79;;23.0;;;;;;
2016-11-12T11:03:11Z;10.0;;;355.40;355.40;4236.4;4.4;131;79;;23.0;;;;;;
2016-11-12T11:03:12Z;1.0;;;355.40;355.40;4240.9;4.5;131;79;;23.0;;;;;;
2016-11-12T11:03:26Z;14.0;;;355.40;355.40;4304.2;4.5;132;80;;23.0;;;;;;
2016-11-12T11:03:40Z;14.0;;;355.40;355.40;4367.1;4.5;134;79;;23.0;;;;;;
2016-11-12T11:03:54Z;14.0;;;355.40;355.40;4430.6;4.6;135;81;;23.0;;;;;;
2016-11-12T11:04:08Z;14.0;;;355.40;355.40;4493.6;4.4;137;79;;23.0;;;;;;
2016-11-12T11:04:22Z;14.0;;;355.40;355.40;4556.7;4.5;135;80;;23.0;;;;;;
2016-11-12T11:04:36Z;14.0;;;355.40;355.40;4620.3;4.6;136;81;;23.0;;;;;;
2016-11-12T11:04:50Z;14.0;;;355.40;355.40;4683.8;4.6;136;81;;23.0;;;;;;
2016-11-12T11:05:04Z;14.0;;;355.40;355.40;4746.9;4.5;135;80;;23.0;;;;;;
2016-11-12T11:05:18Z;14.0;;;355.40;355.40;4810.1;4.5;135;80;;23.0;;;;;;
2016-11-12T11:05:22Z;4.0;;;355.40;355.40;4828.1;4.5;136;81;;23.0;;;;;;
2016-11-12T11:05:36Z;14.0;;;355.40;355.40;4890.1;4.4;138;78;;23.0;;;;;1;
2016-11-12T11:05:49Z;13.0;;;355.40;355.40;4947.6;4.5;135;79;;23.0;;;;;;
2016-11-12T11:05:55Z;6.0;;;355.40;355.40;4974.5;4.5;132;79;;23.0;;;;;;
2016-11-12T11:06:03Z;8.0;;;355.40;355.40;5010.4;4.5;129;80;;23.0;;;;;;
2016-11-12T11:06:17Z;14.0;;;355.40;355.40;5073.4;4.5;130;79;;23.0;;;;;;
2016-11-12T11:06:30Z;13.0;;;355.40;355.40;5132.5;4.5;133;80;;23.0;;;;;;
2016-11-12T11:06:44Z;14.0;;;355.40;355.40;5196.0;4.6;133;80;;23.0;;;;;;
2016-11-12T11:06:58Z;14.0;;;355.40;355.40;5258.9;4.5;132;79;;23.0;;;;;;
2016-11-12T11:07:10Z;12.0;;;355.40;355.40;5313.1;4.5;135;80;;23.0;;;;;;
2016-11-12T11:07:24Z;14.0;;;355.40;355.40;5376.2;4.5;135;79;;23.0;;;;;;
2016-11-12T11:07:36Z;12.0;;;355.40;355.40;5430.5;4.6;132;80;;23.0;;;;;;
2016-11-12T11:07:50Z;14.0;;;355.40;355.40;5494.0;4.5;135;79;;23.0;;;;;;
2016-11-12T11:08:04Z;14.0;;;355.40;355.40;5556.7;4.5;135;80;;23.0;;;;;;
2016-11-12T11:08:18Z;14.0;;;355.40;355.40;5619.6;4.5;135;80;;23.0;;;;;;
2016-11-12T11:08:32Z;14.0;;;355.40;355.40;5682.4;4.5;134;80;;23.0;;;;;;
2016-11-12T11:08:46Z;14.0;;;355.40;355.40;5746.1;4.5;135;81;;23.0;;;;;;
2016-11-12T11:09:00Z;14.0;;;355.40;355.40;5809.4;4.5;136;79;;23.0;;;;;;
2016-11-12T11:09:14Z;14.0;;;355.40;355.40;5872.9;4.6;136;82;;23.0;;;;;;
2016-11-12T11:09:28Z;14.0;;;355.40;355.40;5936.5;4.6;136;80;;23.0;;;;;;
2016-11-12T11:09:42Z;14.0;;;355.40;355.40;6000.1;4.6;135;81;;23.0;;;;;;
2016-11-12T11:09:53Z;11.0;;;355.40;355.40;6049.9;4.5;138;80;;23.0;;;;;;
2016-11-12T11:10:03Z;10.0;;;355.40;355.40;6095.3;4.6;135;81;;23.0;;;;;;
2016-11-12T11:10:17Z;14.0;;;355.40;355.40;6158.7;4.6;136;80;;23.0;;;;;;
2016-11-12T11:10:22Z;5.0;;;355.40;355.40;6181.2;4.5;135;79;;23.0;;;;;;
2016-11-12T11:10:32Z;10.0;;;355.40;355.40;6225.8;4.5;138;79;;23.0;;;;;1;
2016-11-12T11:10:40Z;8.0;;;355.40;355.40;6260.9;4.3;141;77;;23.0;;;;;;
2016-11-12T11:10:51Z;11.0;;;355.40;355.40;6310.0;4.5;144;79;;23.0;;;;;;
2016-11-12T11:11:05Z;14.0;;;355.40;355.40;6372.6;4.5;144;81;;23.0;;;;;;
2016-11-12T11:11:19Z;14.0;;;355.40;355.40;6435.9;4.5;142;79;;23.0;;;;;;
2016-11-12T11:11:33Z;14.0;;;355.40;355.40;6499.0;4.5;142;79;;24.0;;;;;;
2016-11-12T11:11:47Z;14.0;;;355.40;355.40;6562.2;4.6;143;81;;24.0;;;;;;
2016-11-12T11:12:01Z;14.0;;;355.40;355.40;6626.4;4.6;142;81;;24.0;;;;;;
2016-11-12T11:12:15Z;14.0;;;355.40;355.40;6690.4;4.5;142;80;;24.0;;;;;;
2016-11-12T11:12:29Z;14.0;;;355.40;355.40;6753.6;4.5;142;80;;24.0;;;;;;
2016-11-12T11:12:43Z;14.0;;;355.40;355.40;6817.1;4.6;142;80;;24.0;;;;;;
2016-11-12T11:12:57Z;14.0;;;355.40;355.40;6880.6;4.5;140;80;;24.0;;;;;;
2016-11-12T11:13:11Z;14.0;;;355.40;355.40;6943.8;4.5;139;80;;24.0;;;;;;
2016-11-12T11:13:25Z;14.0;;;355.40;355.40;7006.8;4.5;139;80;;24.0;;;;;;
2016-11-12T11:13:39Z;14.0;;;355.40;355.40;7070.4;4.5;140;81;;24.0;;;;;;
2016-11-12T11:13:53Z;14.0;;;355.40;355.40;7133.9;4.6;142;80;;24.0;;;;;;
2016-11-12T11:14:07Z;14.0;;;355.40;355.40;7197.0;4.5;142;79;;24.0;;;;;;
2016-11-12T11:14:21Z;14.0;;;355.40;355.40;7260.1;4.4;141;79;;24.0;;;;;;
2016-11-12T11:14:35Z;14.0;;;355.40;355.40;7323.2;4.5;141;80;;24.0;;;;;;
2016-11-12T11:14:49Z;14.0;;;355.40;355.40;7386.0;4.5;142;79;;24.0;;;;;;
2016-11-12T11:15:03Z;14.0;;;355.40;355.40;7449.2;4.5;141;80;;24.0;;;;;;
2016-11-12T11:15:17Z;14.0;;;355.40;355.40;7512.4;4.5;142;80;;24.0;;;;;;
2016-11-12T11:15:21Z;4.0;;;355.40;355.40;7530.5;4.5;142;79;;24.0;;;;;;
2016-11-12T11:15:35Z;14.0;;;355.40;355.40;7592.5;4.4;141;78;;24.0;;;;;1;
2016-11-12T11:15:49Z;14.0;;;355.40;355.40;7655.4;4.5;140;80;;24.0;;;;;;
2016-11-12T11:16:03Z;14.0;;;355.40;355.40;7719.0;4.5;139;80;;24.0;;;;;;
2016-11-12T11:16:17Z;14.0;;;355.40;355.40;7782.6;4.6;137;81;;24.0;;;;;;
2016-11-12T11:16:31Z;14.0;;;355.40;355.40;7846.1;4.5;136;80;;24.0;;;;;;
2016-11-12T11:16:44Z;13.0;;;355.40;355.40;7904.7;4.4;139;80;;24.0;;;;;;
2016-11-12T11:16:58Z;14.0;;;355.40;355.40;7968.0;4.5;138;79;;24.0;;;;;;
2016-11-12T11:17:12Z;14.0;;;355.40;355.40;8031.1;4.5;137;79;;24.0;;;;;;
2016-11-12T11:17:26Z;14.0;;;355.40;355.40;8094.6;4.5;137;80;;24.0;;;;;;
2016-11-12T11:17:40Z;14.0;;;355.40;355.40;8157.8;4.5;137;79;;24.0;;;;;;
2016-11-12T11:17:51Z;11.0;;;355.40;355.40;8207.7;4.5;140;80;;24.0;;;;;;
2016-11-12T11:18:05Z;14.0;;;355.40;355.40;8270.9;4.5;140;79;;24.0;;;;;;
2016-11-12T11:18:19Z;14.0;;;355.40;355.40;8333.9;4.6;138;81;;24.0;;;;;;
2016-11-12T11:18:33Z;14.0;;;355.40;355.40;8397.2;4.5;139;80;;24.0;;;;;;
2016-11-12T11:18:47Z;14.0;;;355.40;355.40;8460.3;4.5;138;80;;24.0;;;;;;
2016-11-12T11:19:01Z;14.0;;;355.40;355.40;8523.7;4.5;140;81;;24.0;;;;;;
2016-11-12T11:19:15Z;14.0;;;355.40;355.40;8587.3;4.5;141;79;;24.0;;;;;;
2016-11-12T11:19:29Z;14.0;;;355.40;355.40;8650.5;4.5;141;81;;24.0;;;;;;
2016-11-12T11:19:43Z;14.0;;;355.40;355.40;8713.9;4.5;140;80;;24.0;;;;;;
2016-11-12T11:19:57Z;14.0;;;355.40;355.40;8777.2;4.5;140;80;;24.0;;;;;;
2016-11-12T11:20:11Z;14.0;;;355.40;355.40;8841.1;4.6;140;81;;24.0;;;;;;
2016-11-12T11:20:22Z;11.0;;;355.40;355.40;8891.4;4.6;139;81;;24.0;;;;;;
2016-11-12T11:20:29Z;7.0;;;355.40;355.40;8922.7;4.5;142;79;;24.0;;;;;1;
2016-11-12T11:20:35Z;6.0;;;355.40;355.40;8949.5;4.5;145;79;;24.0;;;;;;
2016-11-12T11:20:49Z;14.0;;;355.40;355.40;9012.2;4.4;147;79;;24.0;;;;;;
2016-11-12T11:20:57Z;8.0;;;355.40;355.40;9047.9;4.4;144;79;;24.0;;;;;;
2016-11-12T11:21:11Z;14.0;;;355.40;355.40;9110.3;4.5;144;78;;24.0;;;;;;
2016-11-12T11:21:25Z;14.0;;;355.40;355.40;9173.5;4.5;146;79;;24.0;;;;;;
2016-11-12T11:21:39Z;14.0;;;355.40;355.40;9236.2;4.5;147;79;;24.0;;;;;;
2016-11-12T11:21:53Z;14.0;;;355.40;355.40;9299.2;4.5;148;79;;24.0;;;;;;
2016-11-12T11:22:07Z;14.0;;;355.40;355.40;9362.5;4.5;147;81;;24.0;;;;;;
2016-11-12T11:22:21Z;14.0;;;355.40;355.40;9425.9;4.5;148;80;;24.0;;;;;;
2016-11-12T11:22:35Z;14.0;;;355.40;355.40;9489.4;4.5;147;80;;24.0;;;;;;
2016-11-12T11:22:49Z;14.0;;;355.40;355.40;9552.4;4.5;148;81;;24.0;;;;;;
2016-11-12T11:23:03Z;14.0;;;355.40;355.40;9615.8;4.5;146;80;;24.0;;;;;;
2016-11-12T11:23:17Z;14.0;;;355.40;355.40;9678.7;4.4;147;79;;24.0;;;;;;
2016-11-12T11:23:31Z;14.0;;;355.40;355.40;9741.7;4.5;145;80;;24.0;;;;;;
2016-11-12T11:23:45Z;14.0;;;355.40;355.40;9804.8;4.5;145;80;;24.0;;;;;;
2016-11-12T11:23:59Z;14.0;;;355.40;355.40;9868.4;4.5;147;80;;24.0;;;;;;
2016-11-12T11:24:13Z;14.0;;;355.40;355.40;9931.4;4.5;147;79;;24.0;;;;;;
2016-11-12T11:24:27Z;14.0;;;355.40;355.40;9995.0;4.6;148;81;;24.0;;;;;;
2016-11-12T11:24:41Z;14.0;;;355.40;355.40;10058.6;4.6;147;81;;24.0;;;;;;
2016-11-12T11:24:55Z;14.0;;;355.40;355.40;10122.0;4.5;149;80;;24.0;;;;;;
2016-11-12T11:25:09Z;14.0;;;355.40;355.40;10185.5;4.6;148;81;;24.0;;;;;;
2016-11-12T11:25:23Z;14.0;;;355.40;355.40;10249.5;4.6;149;79;;23.0;;;;;;
2016-11-12T11:25:30Z;7.0;;;355.40;355.40;10281.0;4.5;145;80;;24.0;;;;;1;
2016-11-12T11:25:44Z;14.0;;;355.40;355.42;10344.6;4.6;146;82;;24.0;;;;;;
2016-11-12T11:25:58Z;14.0;;;355.40;355.46;10408.9;4.6;148;82;;24.0;;;;;;
2016-11-12T11:26:12Z;14.0;;;355.40;355.54;10473.6;4.7;147;82;;24.0;;;;;;
2016-11-12T11:26:26Z;14.0;;;355.40;355.63;10537.4;4.5;147;79;;24.0;;;;;;
2016-11-12T11:26:40Z;14.0;;;355.40;355.75;10601.0;4.5;145;80;;24.0;;;;;;
2016-11-12T11:26:54Z;14.0;;;355.40;355.86;10664.2;4.5;143;80;;24.0;;;;;;
2016-11-12T11:27:08Z;14.0;;;355.40;355.98;10727.7;4.5;144;80;;24.0;;;;;;
2016-11-12T11:27:22Z;14.0;;;355.40;356.09;10791.3;4.6;146;80;;24.0;;;;;;
2016-11-12T11:27:36Z;14.0;;;355.40;356.21;10855.0;4.5;145;81;;24.0;;;;;;
2016-11-12T11:27:44Z;8.0;;;355.80;356.33;10891.2;4.5;145;80;;24.0;;;;;;
2016-11-12T11:27:45Z;1.0;;;356.20;356.44;10895.7;4.5;145;80;;24.0;;;;;;
2016-11-12T11:27:46Z;1.0;;;356.80;356.56;10900.3;4.6;144;80;;24.0;;;;;;
2016-11-12T11:27:47Z;1.0;;;357.20;356.67;10904.7;4.4;144;80;;24.0;;;;;;
2016-11-12T11:27:48Z;1.0;;;357.60;356.79;10909.1;4.4;145;79;;24.0;;;;;;
2016-11-12T11:28:02Z;14.0;;;357.60;356.91;10972.5;4.6;145;81;;24.0;;;;;;
2016-11-12T11:28:16Z;14.0;;;357.60;357.02;11036.0;4.6;144;80;;24.0;;;;;;
2016-11-12T11:28:30Z;14.0;;;357.60;357.14;11099.5;4.5;145;80;;24.0;;;;;;
2016-11-12T11:28:44Z;14.0;;;357.60;357.25;11163.0;4.6;145;80;;24.0;;;;;;
2016-11-12T11:28:58Z;14.0;;;357.60;357.37;11226.4;4.5;146;80;;24.0;;;;;;
2016-11-12T11:29:12Z;14.0;;;357.60;357.46;11290.3;4.7;147;81;;24.0;;;;;;
2016-11-12T11:29:26Z;14.0;;;357.60;357.54;11354.1;4.6;147;80;;24.0;;;;;;
2016-11-12T11:29:40Z;14.0;;;357.60;357.58;11417.8;4.5;146;80;;24.0;;;;;;
2016-11-12T11:29:54Z;14.0;;;357.60;357.60;11480.9;4.5;144;80;;24.0;;;;;;
2016-11-12T11:30:08Z;14.0;;;357.60;357.60;11544.4;4.5;145;81;;24.0;;;;;;
2016-11-12T11:30:22Z;14.0;;;357.60;357.60;11607.4;4.4;146;79;;24.0;;;;;;
2016-11-12T11:30:33Z;11.0;;;357.60;357.60;11656.1;4.4;149;78;;24.0;;;;;1;
2016-11-12T11:30:42Z;9.0;;;357.60;357.60;11695.7;4.3;152;78;;24.0;;;;;;
2016-11-12T11:30:56Z;14.0;;;357.60;357.60;11758.3;4.4;151;79;;24.0;;;;;;
2016-11-12T11:31:08Z;12.0;;;357.60;357.60;11812.0;4.5;148;79;;24.0;;;;;;
2016-11-12T11:31:22Z;14.0;;;357.60;357.60;11874.8;4.6;148;80;;24.0;;;;;;
2016-11-12T11:31:32Z;10.0;;;357.60;357.60;11919.8;4.6;151;81;;24.0;;;;;;
2016-11-12T11:31:46Z;14.0;;;357.60;357.60;11983.4;4.6;152;81;;24.0;;;;;;
2016-11-12T11:32:00Z;14.0;;;357.60;357.60;12047.1;4.5;153;80;;24.0;;;;;;
2016-11-12T11:32:14Z;14.0;;;357.60;357.60;12110.7;4.6;153;81;;24.0;;;;;;
2016-11-12T11:32:28Z;14.0;;;357.60;357.60;12174.2;4.5;153;80;;24.0;;;;;;
2016-11-12T11:32:42Z;14.0;;;357.60;357.60;12237.2;4.5;153;80;;24.0;;;;;;
2016-11-12T11:32:56Z;14.0;;;357.60;357.60;12300.7;4.5;151;80;;24.0;;;;;;
2016-11-12T11:33:10Z;14.0;;;357.60;357.60;12364.6;4.6;152;81;;24.0;;;;;;
2016-11-12T11:33:24Z;14.0;;;357.60;357.60;12428.1;4.5;152;81;;24.0;;;;;;
2016-11-12T11:33:38Z;14.0;;;357.60;357.60;12491.5;4.5;154;80;;24.0;;;;;;
2016-11-12T11:33:52Z;14.0;;;357.60;357.60;12555.0;4.5;152;79;;24.0;;;;;;
2016-11-12T11:34:06Z;14.0;;;357.60;357.60;12618.1;4.5;150;80;;24.0;;;;;;
2016-11-12T11:34:20Z;14.0;;;357.60;357.60;12681.5;4.6;151;81;;24.0;;;;;;
2016-11-12T11:34:34Z;14.0;;;357.60;357.60;12745.3;4.6;153;81;;24.0;;;;;;
2016-11-12T11:34:48Z;14.0;;;357.60;357.60;12809.1;4.6;153;80;;24.0;;;;;;
2016-11-12T11:35:02Z;14.0;;;357.60;357.60;12872.9;4.5;152;80;;24.0;;;;;;
2016-11-12T11:35:16Z;14.0;;;357.60;357.60;12936.3;4.5;150;80;;24.0;;;;;;
2016-11-12T11:35:22Z;6.0;;;357.60;357.60;12963.3;4.3;149;80;;24.0;;;;;;
2016-11-12T11:35:32Z;10.0;;;357.60;357.60;12999.8;3.6;146;81;;24.0;;;;;1;
2016-11-12T11:35:49Z;17.0;;;357.60;357.60;13060.2;3.5;147;80;;24.0;;;;;;
2016-11-12T11:35:55Z;6.0;;;357.60;357.60;13081.9;3.6;144;81;;24.0;;;;;;
2016-11-12T11:36:00Z;5.0;;;357.60;357.60;13099.8;3.6;141;81;;24.0;;;;;;
2016-11-12T11:36:15Z;15.0;;;357.60;357.60;13154.9;3.7;138;82;;24.0;;;;;;
2016-11-12T11:36:28Z;13.0;;;357.60;357.60;13201.9;3.5;135;78;;24.0;;;;;;
2016-11-12T11:36:39Z;11.0;;;357.60;357.60;13240.2;3.5;132;77;;24.0;;;;;;
2016-11-12T11:36:57Z;18.0;;;357.60;357.60;13302.9;3.5;134;78;;24.0;;;;;;
2016-11-12T11:37:15Z;18.0;;;357.60;357.60;13365.9;3.5;134;78;;24.0;;;;;;
2016-11-12T11:37:32Z;17.0;;;357.60;357.60;13426.6;3.6;131;80;;24.0;;;;;;
2016-11-12T11:37:49Z;17.0;;;357.60;357.60;13487.8;3.6;133;81;;24.0;;;;;;
2016-11-12T11:38:06Z;17.0;;;357.60;357.60;13548.9;3.6;132;80;;24.0;;;;;;
2016-11-12T11:38:23Z;17.0;;;357.60;357.60;13610.3;3.6;132;81;;24.0;;;;;;
2016-11-12T11:38:41Z;18.0;;;357.60;357.60;13673.2;3.4;134;77;;24.0;;;;;;
2016-11-12T11:38:55Z;14.0;;;357.60;357.60;13720.9;3.5;137;76;;24.0;;;;;;
2016-11-12T11:39:05Z;10.0;;;357.60;357.60;13755.1;3.4;134;77;;24.0;;;;;;
2016-11-12T11:39:23Z;18.0;;;357.60;357.60;13818.4;3.6;132;79;;24.0;;;;;;
2016-11-12T11:39:40Z;17.0;;;357.60;357.60;13878.8;3.5;133;79;;24.0;;;;;;
2016-11-12T11:39:46Z;6.0;;;357.60;357.60;13900.2;3.6;136;80;;24.0;;;;;;
2016-11-12T11:40:03Z;17.0;;;357.60;357.60;13961.6;3.6;133;81;;24.0;;;;;;
2016-11-12T11:40:13Z;10.0;;;357.60;357.60;13997.2;3.6;130;80;;24.0;;;;;;
2016-11-12T11:40:16Z;3.0;;;357.60;357.60;14008.0;3.6;127;80;;24.0;;;;;;
2016-11-12T11:40:22Z;6.0;;;357.60;357.60;14029.3;3.4;130;77;;24.0;;;;;;
2016-11-12T11:40:39Z;17.0;;;357.60;357.60;14081.5;3.1;127;80;;24.0;;;;;;
2016-11-12T11:40:59Z;20.0;;;357.60;357.60;14142.9;3.0;128;79;;24.0;;;;;;
2016-11-12T11:41:19Z;20.0;;;357.60;357.60;14204.2;3.1;130;81;;24.0;;;;;;
2016-11-12T11:41:39Z;20.0;;;357.60;357.60;14266.1;3.0;132;80;;24.0;;;;;;
2016-11-12T11:41:59Z;20.0;;;357.60;357.60;14327.4;3.1;133;81;;24.0;;;;;;
2016-11-12T11:42:04Z;5.0;;;357.60;357.60;14342.7;3.0;130;78;;24.0;;;;;;
2016-11-12T11:42:13Z;9.0;;;357.60;357.60;14370.5;3.1;127;80;;24.0;;;;;;
2016-11-12T11:42:26Z;13.0;;;357.60;357.60;14410.9;3.1;130;81;;24.0;;;;;;
2016-11-12T11:42:43Z;17.0;;;357.60;357.60;14463.1;3.1;127;80;;24.0;;;;;;
2016-11-12T11:43:03Z;20.0;;;357.60;357.60;14525.6;3.1;128;81;;24.0;;;;;;
2016-11-12T11:43:23Z;20.0;;;357.60;357.60;14588.0;3.1;129;82;;24.0;;;;;;
2016-11-12T11:43:43Z;20.0;;;357.60;357.60;14651.1;3.2;129;82;;24.0;;;;;;
2016-11-12T11:44:02Z;19.0;;;357.60;357.60;14711.5;3.1;130;83;;24.0;;;;;;
2016-11-12T11:44:21Z;19.0;;;357.60;357.60;14771.9;3.2;129;83;;24.0;;;;;;
2016-11-12T11:44:41Z;20.0;;;357.60;357.60;14834.9;3.1;129;82;;24.0;;;;;;
2016-11-12T11:45:00Z;19.0;;;357.60;357.60;14894.9;3.2;130;83;;24.0;;;;;;
2016-11-12T11:45:20Z;20.0;;;357.60;357.60;14957.6;3.1;131;82;;24.0;;;;;;
2016-11-12T11:45:26Z;6.0;;;357.60;357.60;14976.6;3.2;132;84;;24.0;;;;;;
